title,sentence_five,sentence_four,sentence_three,sentence_two,sentence_one,word_five,word_four,word_three,word_two,word_one
【筆電選購推薦】 2018年6月,10,15,2,0,0,0,11,23,0,0
2018 最佳真無線藍牙耳機推薦,1,0,16,0,0,0,0,7,0,0
2017年最平價實用的藍芽喇叭推薦十大排名懶人包，頂級CP值的選擇。(藍牙喇叭推薦),1,6,4,0,0,0,26,33,0,0
安博盒子三代 使用半年後心得分享,1,0,20,0,0,0,1,5,0,0
2017最新十大知名智能手環推薦大評比。到底該如何選擇??,1,16,5,1,0,0,2,25,1,0
10大超人氣行動電源品牌排行，推薦挑選行動電源最速懶人包~,1,11,7,2,0,0,4,25,11,0
[開箱]Tronsmart 三合一編織鯊魚線-120CM,1,2,6,2,0,0,5,5,0,0
經濟實惠的高品質音效選擇！TCSTAR 多功能藍牙環繞 3D 劇院喇叭 TCS9100 開箱評測！,0,4,8,6,0,1,2,8,2,0
【雙耳藍芽耳機】除了Apple AirPods？有新選擇嗎？(1對2藍牙耳機推薦10大排名),8,9,9,2,0,10,32,44,7,0
2018耳機熱門排行前十名推薦，無論是耳罩耳機、入耳式耳機、單耳雙耳藍牙耳機一次收錄!!,6,4,3,2,0,11,22,21,4,0
【開箱】旅行必備 超推薦金屬質感手機腳架自拍棒 金剛自拍棒,3,6,0,0,0,1,5,26,3,2
【平價手機推薦】$$一萬有找！5支你可以入手的便宜智慧型4G手機！,4,4,2,0,0,10,9,10,0,0
有什麼APP來自動通話錄音？這4款最佳免費手機通話錄音APP，你非知不可,2,0,1,0,0,7,6,10,1,0
[烤箱]Panasonic NB-H3200 ▎CP值高，我有一種相見恨晚的淡淡哀傷⋯⋯,3,36,33,8,2,3,13,5,8,0
[IOS] FancyKey:用它打出IG上的英文小字和有底線的英文!,0,10,6,2,1,0,4,2,2,0
【好物推薦】Google Chromecast V3_開箱實測,7,35,38,10,2,4,22,11,5,0
［開箱］HTC－U11 開箱與使用心得,18,65,52,31,0,3,27,16,9,0
[開箱] 四機合一CP值最高Honeywell移動式冷暖空調(MN12CHESWW),15,46,37,16,8,2,8,17,6,0
分享 | PChome商店街0元開店免運，10大優點整理商店街與個人賣場差別,7,42,20,11,0,5,14,3,9,0
[開箱]小米手環2 介紹及使用心得,3,46,33,15,4,2,18,11,14,5
華為MediaPad M5 10.8體驗 輕鬆紀錄懷孕每一刻,0,36,33,10,1,0,22,10,6,1
IG病重度者必備的排版APP,2,31,17,7,0,3,9,3,1,0
GIGABYTE F2A78M-DS2 評測 @ 玩轉3C 享樂生活 :: 痞客邦 ::,5,8,19,1,1,14,14,9,3,3
【2018十大微型投影機推薦】微型投影機評價、比較、開箱，推薦給你！ @ 小新購物狂，只推薦好產品 :: 痞客邦 ::,2,19,5,0,2,8,22,6,2,1
（好物分享）360 隨身WIFi  將電腦當無線基地台用~ @ 微微笑的藍天～ :: 痞客邦 ::,0,6,4,0,0,0,7,3,0,0
[JoeTsaiBox]X3T全觸控超級續航真無線立體聲運動全觸控防水藍芽耳機開箱試用~ @ JoeTsaiBox [韭菜盒子]的部落格 :: 痞客邦 ::,0,3,4,1,3,0,5,6,3,2
【動畫感想】槍彈辯駁3(彈丸論破3)  未來篇&絕望篇 @ 夜色漸深 :: 痞客邦 ::,5,15,2,1,0,6,9,5,3,1
越南電信公司Vinaphone的上網套餐與儲值 @ 就是部落格 :: 痞客邦 ::,0,5,0,0,1,3,5,1,3,0
開箱 gogobee 機車智慧導航機！讓摩托車腳踏車都能輕鬆又安全使用的全新導航體驗 @ ifans 林小旭 :: 痞客邦 ::,4,9,5,1,0,3,16,11,2,2
ASUS 華碩 ZenFone 5 (ZE620KL) 開箱！體驗多項 AI 功能的超高佔比 6.2 吋 19:9 全螢幕智慧型手機，讓你輕鬆按輕鬆拍。越拍越懂你 @ ifans 林小旭 :: 痞客邦 ::,14,31,6,0,1,12,39,17,4,2
[分享] 我的第一個看不出是電源的極致輕薄名片TC STAR行動電源3200M1A (獎) @ 老虎狗♪♡ⓣⓘⓖⓔⓡⓓⓞⓖ♡♪ :: 痞客邦 ::,0,8,4,1,3,5,12,3,0,5
PERI 音響手機殼評價 結合喇叭與行動電源多功能 wifi 藍芽 手機殼 Amazon5星評價 iPhone手機殼推薦[真.開箱] @ 鑫部落 心經營! :: 痞客邦 ::,0,22,9,0,1,5,31,16,4,4
【最便宜】【KINYO】電擊式補蚊燈(KL-611)-開箱文 @ 林怡英的生活時報 :: 痞客邦 ::,0,0,6,0,0,0,0,4,0,3
[轉錄＆推薦] 奈須的超級槍彈辯駁2心得 @ W.F的碎碎念之國  :: 痞客邦 ::,5,7,4,0,1,7,13,5,2,0
Sudio X Vasa Bla // 來自瑞典的北歐簡約風藍芽耳機開箱文，更好的隔絕外界音 ♪ 運動耳機推薦、藍芽耳機推薦 @ Saisai's Journey :: 痞客邦 ::,1,6,6,2,6,2,10,1,2,9
2018 十款最佳無線藍牙耳機推薦 @ ironpig 快跑 :: 痞客邦 ::,6,21,26,11,4,11,38,25,13,6
最想敗! 票選前五名的SHARP夏普 45吋 FHD連網液晶電視 LC-45LE580T的開箱評價 @ 優惠好康收藏家 :: 痞客邦 ::,0,0,4,0,0,0,4,2,1,5
PPT的死期到了！5個超有型免費簡報系統 @ PCuSER 電腦人 :: 痞客邦 ::,6,11,7,4,0,9,6,7,4,3
百度網盤404百度雲無法下載問題 解決方案(啊哦你所訪問的頁面不存在了)SoftEther VPN Gate方案 台灣ip封鎖無法連結Baidu Pan[教學] @ 鑫部落 心經營! :: 痞客邦 ::,15,24,14,12,4,6,17,8,8,3
【經驗談】全新電腦，如果買來不合用，那再便宜有什麼用？ @ 歐飛先生 :: 痞客邦 ::,6,14,8,4,2,10,11,13,9,4
終於找到一間高質感手機殼專賣店啦！台南北區「攜帶電話」每個手機殼都可以試過再買，玻璃保護貼更是進口品牌，一分錢一分貨用過就回不去了～ XD @ 享受生活不無聊。規小孫 :: 痞客邦 ::,11,27,27,20,19,11,27,22,19,10
PPT的死期到了！5個超有型免費簡報系統 @ PCuSER 電腦人 :: 痞客邦 ::,6,11,7,4,0,9,6,7,4,3
【電腦選購】顯示卡的選購建議 　　歐飛：越貴的越好?   (2018.01.12更新) @ 歐飛先生 :: 痞客邦 ::,18,21,15,12,7,11,23,21,11,4
【實測】我與我的第一台家用4G分享器-ZTE MF283+ @ 卡卡耶洛的小箱子 :: 痞客邦 ::,9,21,15,7,8,9,10,10,9,7
Samsung Galaxy S6 Edge，超難修尤其是電池 @ 高雄手機平板維修 :: 痞客邦 ::,1,22,24,17,2,1,13,15,14,2
液晶電視維修～DIY維修手下亡魂 PART Ⅵ Toshiba（東芝）型號：37HL86G，一路被修到掛！ @ atun．LCD（液晶）維修工作室─高雄．液晶螢幕維修；高雄．液晶電視維修；高雄．筆電液晶（破裂、壞屏）專業換修～ :: 痞客邦 ::,3,12,19,10,6,2,7,11,8,5
"[DIY]改造你的行動電源,讓它更堅固耐用(更新版,3款範例含Asus ZenPower) @ 鑫部落 心經營! :: 痞客邦 ::",28,26,20,17,8,10,10,10,8,4
您知道這些 LINE 密技嗎？LINE 操作密技分享篇(2/2) @ ifans 林小旭 :: 痞客邦 ::,48,57,18,23,16,26,27,11,12,8
[Android / iOS] 電源鍵或Home鍵的替代方案 @ 菲的觀察日誌 :: 痞客邦 ::,45,40,24,18,14,20,20,11,10,8
【教學】User Profile Service 服務無法登入，無法載入使用者設定檔，怎麼辦？ @ 歐飛先生 :: 痞客邦 ::,13,30,22,4,4,5,10,10,1,2
11 種讓你的電腦/筆電 加速的方式 @ 達人Sam 教你買3C :: 痞客邦 ::,40,32,28,22,6,20,14,15,11,5
2018 最佳真無線藍牙耳機推薦 @ ironpig 快跑 :: 痞客邦 ::,27,58,27,30,21,19,26,15,16,11
【經驗談】先買無SSD的筆電，然後再來改機加裝SSD，這樣有比較好嗎？ @ 歐飛先生 :: 痞客邦 ::,5,9,15,12,5,2,6,7,8,2
超高 C/P 值啊！So-net 光纖網路便宜大碗又有優惠補助，佛心來著.... @ ifans 林小旭 :: 痞客邦 ::,17,20,22,9,6,6,10,14,6,3
[APP] ♥ 一定要擁有的記帳APP♥記帳城市+Ahorro @ Catch the love  :: 痞客邦 ::,7,13,14,12,14,8,10,9,7,6
anidees自動辨識六輸出50W Adapter簡介及測試 @ 港都狼窩 WolfLSI's Den :: 痞客邦 ::,8,11,17,20,18,7,7,9,11,3
【Q&A】黑貓宅急便   (自8/28起，調整服務時間，週日休息) @ 歐飛先生 :: 痞客邦 ::,9,23,13,14,10,9,16,8,11,5
[爆肝開箱]RockTek雷爵科技 Rii Mini i24無線飛鼠--鍵盤滑鼠加十字鍵(2.4G無線非藍牙) @ 爆肝工程師之奇幻旅程 :: 痞客邦 ::,3,14,11,9,3,3,8,8,9,2
"神牛閃光燈基本介紹 V850、V860、V860II, TT520II、TT600、TT685 @ 喜美HKS百科 :: 痞客邦 ::",49,34,36,39,11,18,19,14,15,5
ASUS RT-AC68U 分享器 進階教學 @ 天花亂墜 :: 痞客邦 ::,36,28,34,21,10,16,14,17,10,5
裝機篇（２）－－電源供應器解說 @ 電腦醫生 :: 痞客邦 ::,17,12,12,4,1,10,7,6,2,1
【Android密技】實用必備款！免費通話錄音App @ PCuSER 電腦人 :: 痞客邦 ::,10,8,3,3,0,5,4,2,2,0
【推薦】恐怖RPG遊戲/實況主(ING) @ 時雨 :: 痞客邦 ::,1,3,4,4,0,16,2,13,6,0
將HDMI轉成VGA，BENEVO推出HDMI轉VGA訊號轉換器與切換器 @ BENEVO台灣部落格 之 科技應用。創新與分享 :: 痞客邦 ::,2,2,2,0,0,2,4,5,1,0
ZTE MF970 支援CA 的台灣4G LTE全頻可攜式802.11ac無線分享器 開箱 @ 阿奇多 Akito 愛亂買 :: 痞客邦 ::,2,5,3,1,0,9,7,6,6,2
【客戶專用】第八代 I3-8100 文書機  組裝說明 @ 歐飛先生 :: 痞客邦 ::,3,3,6,1,0,9,5,7,4,0
蘋果原廠傳輸線? @ LikePhone-愛殼瘋 :: 痞客邦 ::,1,12,7,1,0,1,10,12,4,0
越來越懂你【嚴選名膜】視窗全透明-2018-Zenfone5(ZE620KL)/Zenfone5Z(Z01RD)玻璃貼滿版〝全貼合不遮邊不入塵〞現貨供應！Zenfone5(ZE620KL)保護貼/Zenfone5(ZE620KL)滿版曲面玻璃貼/手機 貼膜/2018 Zenfone5貼膜/Zenfone5Z(Z01RD)滿版玻璃貼-不遮邊玻璃貼(M香) @ 【嚴選名膜】 3D曲面全貼合透明滿版玻璃貼/手機包膜/筆電包膜/ 專業製造供應商  : 痞客邦 :: 痞客邦 ::,0,10,29,10,0,6,18,44,22,0
Steam家庭共享使用方式分享 @ 模擬斯樂園 :: 痞客邦 ::,4,1,5,3,0,3,2,5,11,0
行動電源推薦ptt行動電源推薦2入【ASUS】ZenPower Duo10050mAh雙輸出行動電源品牌價格評比mobile02 @ beausholatpo的部落格 :: 痞客邦 ::,1,11,3,0,0,2,3,3,0,0
首發  第一片 『MIT台灣製造』艾斯机膜 iphone 6 / 6 plus 全貼合式無空氣層滿版玻璃保護貼 @ ESGM  艾斯机膜 官方品牌部落格 :: 痞客邦 ::,3,12,1,1,0,2,8,5,1,0
【推薦】恐怖RPG遊戲/實況主(ING) @ 時雨 :: 痞客邦 ::,4,25,10,1,0,36,9,9,10,0
"美食獵人h蒂娜,美食獵人h大眾 @ 今年最好玩的網路遊戲介紹,萌妹陪你一起玩 :: 痞客邦 ::",4,5,4,1,0,3,1,5,1,0
[開箱] 安耐美塔散 高CP散熱選擇 ETS-N31 開箱 @ Ian Moone 的網路談天說地 :: 痞客邦 ::,1,1,3,0,0,1,2,6,0,0
iPhone 可以「通話錄音」嗎？ @ ifans 林小旭 :: 痞客邦 ::,7,1,3,0,0,0,4,4,1,0
[開箱分享] August Smart Lock 為傳統第二道門鎖快速變成智能鎖 @ 鹹魚爸的3C新奇玩物開箱筆記 :: 痞客邦 ::,1,2,4,2,0,0,2,4,2,0
帶父母去東京 四天三夜- 網路篇- Gowifi @ 隨筆 :: 痞客邦 ::,3,2,1,2,0,3,3,3,3,0
[筆電達人分享系列]2018年學生筆電首選~文書遊戲都擋得住！~【acer 宏碁】SP515-51GN-54XS 15.6吋 觸控翻轉筆電-銀(i5-8250U-8G-256G+1T-GTX 1050-Win10) @ 筆電專業推薦 :: 痞客邦 ::,0,10,3,3,0,4,6,7,5,8
可愛又好玩的超人氣太鼓達人真是令人百玩不厭啊！～taiko no tatsujin @ Fun I Phone 我的手機派對！ :: 痞客邦 ::,1,7,5,6,1,2,5,5,9,4
想在家裡唱 KTV 嗎？只要接兩條線兩支麥克風，打開手機就開唱啦！最簡單又最專業的 FIESTA 雲端 K 歌機開箱 @ ifans 林小旭 :: 痞客邦 ::,10,12,12,8,0,5,8,12,12,8
兩次擔綱首賣大任的開路先鋒：太空哈利 @ BLACK16bit 黑十六 :: 痞客邦 ::,1,10,4,3,5,1,6,4,3,3
[藍牙耳機] Taotronics TT-BH07 運動藍牙耳機推薦 @ ohyaohno :: 痞客邦 ::,4,7,4,2,0,5,8,4,4,0
華碩也推出 PD+QC 3.0 點菸器車充囉！ASUS CarCharger 28W 車用 USB Type-C + USB-A 雙輸出快速充電器開箱 @ ifans 林小旭 :: 痞客邦 ::,5,10,9,9,2,3,8,8,12,4
2017運動耳機哪家最推薦？ 高性價藍芽耳機總評比 @ 運動藍芽耳機專業推薦(藍牙耳機 / PTT / CP值 / 推薦 / 比較 / 音質 / 評價 /開箱) :: 痞客邦 ::,19,23,10,12,2,11,23,14,18,4
【電腦選購】如何組一台適合、符合自己需求的電腦 2017版 (僅供參考) (2017/11/23 更新) @ Leo Ho 的小天地 :: 痞客邦 ::,3,1,4,0,0,0,6,2,0,0
【電腦選購】如何組一台適合、符合自己需求的電腦 2017版 (僅供參考) (2017/11/23 更新) @ Leo Ho 的小天地 :: 痞客邦 ::,121,125,28,93,0,113,1,5,11,0
iPhone 5S反覆重新開關機，白蘋果，無法開機 @ 119iPhone :: 痞客邦 ::,5,1,0,0,0,2,0,0,0,0
《夢想DIY》維修．筆記型電腦 lenovo ThinkPad E120．更換螢幕排線 @ 夢想．勇氣．幸福初衷 :: 痞客邦 ::,3,9,0,0,0,4,0,2,0,0
【Windows】主題醫院  Theme Hospital @ GIN 遊戲 | 旅遊 | 生活 :: 痞客邦 ::,4,0,1,0,0,5,0,2,1,0
電腦變慢的問題的原因和解決方法 @ 電腦維修工作室 :: 痞客邦 ::,7,4,1,0,0,12,8,2,0,0
【筆電開箱】acer E5-575G  (高CP值遊戲機) @ 歐飛先生 :: 痞客邦 ::,23,1,13,24,16,3,1,9,4,0
[APP] 付費遊戲介紹 Mini Metro 迷你地鐵 @ 愛坡居 :: 痞客邦 ::,3,5,10,0,0,5,15,6,0,0
[開箱] 潔白無瑕 溫文優雅 BenQ VZ2770H 明基電通 LCD 27吋 電腦液晶顯示器 @ 健康的活 精彩的過 努力的做  :: 痞客邦 ::,11,0,4,5,0,3,1,4,0,0
聿鑫yardiX Type-C 4合一全能傳輸線，面對各種周邊都能運用自如 @ Wei Shen Chen的開箱部落格 :: 痞客邦 ::,5,0,0,0,0,0,0,2,0,1
Monster Beats Tour - 你是假貨的受害者嗎? @ My Ear 台中耳機專賣店 Headphone Store :: 痞客邦 ::,4,2,1,0,0,1,0,5,1,0
嗯[電腦教學]最新隨身碟病毒:只有出現捷徑(2018.05.18更新) @ IPC愛電腦事務所(www.ipc.tw) :: 痞客邦 ::,3,1,0,0,0,4,2,0,0,0
【嚴選名膜】HUAWEI P20/P20 PRO玻璃貼供應中✴視窗全透明╴3D立體滿版〝全貼合不入塵〞✴P20 PRO保護貼/手機 貼膜/P20 PRO曲面玻璃貼/P20 PRO貼膜/P20 PRO玻璃貼立體全貼合(M香) @ 【嚴選名膜】 3D曲面全貼合透明滿版玻璃貼/手機包膜/筆電包膜/ 專業製造供應商  : 痞客邦 :: 痞客邦 ::,10,2,0,0,0,6,4,1,0,0
USB隨身碟插進電腦後沒反應 @ JJ隨手記 :: 痞客邦 ::,4,1,0,0,0,3,4,0,0,0
換人做做看--sudo 和 su @ 心的距離 :: 痞客邦 ::,10,0,0,0,0,6,6,0,0,0
JLAB EPIC AIR 真無線藍牙運動耳機評測心得 @ ironpig 快跑 :: 痞客邦 ::,4,4,0,0,0,5,4,1,0,0
★物超所值筆電心得★2018筆電必看！價格至上、效能第一的高CP筆電～【ASUS 華碩】F542UQ 15.6吋 FHD 輕薄美型筆電-霧面灰(i5-7200U/4G/1TB+128G SSD/940MX 2G/Win10) @ 筆電專業推薦 :: 痞客邦 ::,5,3,0,0,0,4,2,1,0,0
[筆電採購] 13吋 MacBook Air 哪裡買最省錢、便宜? @ 達人Sam 教你買3C :: 痞客邦 ::,4,0,0,0,0,3,0,0,0,0
全國數位 新莊-蘆洲-三重-板橋-土城-全國數位有線電視-最新方案申裝洽詢服務 @ 全國數位有線電視-蘆洲 土城 板橋 新莊 三重 地區 智慧型有線電視 讓您居家影音生活大躍進 :: 痞客邦 ::,5,3,0,0,0,6,1,0,0,0
一個真正可以賺現金ATM還可以直接領的手機遊戲 @ 好康分享與文章分享～ :: 痞客邦 ::,2,1,1,0,0,2,1,5,0,0
[重要必讀]丸子的遊戲王國 遊戲疑難排解&使用說明公告 @ 丸子的遊戲王國 :: 痞客邦 ::,2,0,0,0,0,3,0,0,0,0
[法國吃到飽網卡] 吃到飽通話簡訊+美歐50G上網流量就靠這一張!! @ O’bon Paris 歐棒巴黎  :: 痞客邦 ::,3,0,1,0,0,3,1,2,0,0
[DIY]筆電升級首選SSD 固態硬碟，瞬間把牛車變跑車 @ 達人Sam 教你買3C :: 痞客邦 ::,4,0,0,0,0,4,0,0,0,0
(小滿3C體驗) Dr.A 3C快速維修中心 ❤ 台北/板橋/台中/台南Apple蘋果產品專業維修清潔保養快速取件iPhone維修/iPad維修/Macbook維修-合作推薦 @ ❤ 小滿發現幸福美食旅遊日誌 ❤ :: 痞客邦 ::,4,1,0,0,0,4,1,0,0,0
"免裝軟體直上PTT！ @ Owrite, what osk2 write :: 痞客邦 ::",3,0,0,0,0,2,1,0,0,0
【觀念】以樂手的角度看監聽耳機與一般耳機的差別！ @ Music is Lifestyle :: 痞客邦 ::,9,2,0,0,0,8,4,1,0,0
